candidate_id,first_name,last_name,position_id,department,job_title,application_date,stage,experience_years,education_level,skills_list,resume_text,hired_flag,cluster,svd_1,svd_2,cluster_label,hire_probability
1,Danielle,Johnson,1020,Planning,HR Analyst,2025-02-18,Applied,1,Master's,"ServiceNow, Excel, Recruiting, Python","Danielle Johnson skilled in ServiceNow, Excel, Recruiting, Python. 1 years experience, education: Master's.",0,4,0.3194144513686573,0.03305210377176879,"10, alan, aguilar",0.0
2,John,Taylor,1042,IT,Sys Admin,2024-12-13,Rejected,7,Bachelor's,"Excel, Recruiting, Power BI, Communication","John Taylor skilled in Excel, Recruiting, Power BI, Communication. 7 years experience, education: Bachelor's.",0,1,0.443581985528661,-0.15080172584870358,"10, adams, allen",0.03
3,Erica,Mcclain,1000,Water Resources,HR Analyst,2024-12-07,Interview,4,Master's,"Recruiting, Python, Project Management","Erica Mcclain skilled in Recruiting, Python, Project Management. 4 years experience, education: Master's.",0,0,0.3110826771790401,0.1599318537356428,"10, 12, alvarado",0.05
4,Brittany,Johnson,1071,Water Resources,Engineer,2024-12-10,Phone Screen,5,Associate,"Python, Data Analysis, Machine Learning, Excel, Leadership","Brittany Johnson skilled in Python, Data Analysis, Machine Learning, Excel, Leadership. 5 years experience, education: Associate.",0,0,0.40180152448801787,0.11743015613452479,"10, 12, alvarado",0.0
5,Jeffery,Wagner,1017,Operations,Manager,2024-11-14,Rejected,10,Bachelor's,"SQL, HRIS, ServiceNow, Leadership, Machine Learning, Power BI","Jeffery Wagner skilled in SQL, HRIS, ServiceNow, Leadership, Machine Learning, Power BI. 10 years experience, education: Bachelor's.",0,1,0.4737909107801882,-0.26141562929464157,"10, adams, allen",0.0
6,Anna,Baldwin,1093,Public Works,Manager,2025-08-03,Phone Screen,4,Bachelor's,"Excel, ServiceNow, Machine Learning, Power BI","Anna Baldwin skilled in Excel, ServiceNow, Machine Learning, Power BI. 4 years experience, education: Bachelor's.",0,1,0.40653904626457055,-0.35217186413887386,"10, adams, allen",0.015
7,Amy,Robinson,1076,IT,Manager,2025-06-20,Offer,7,Bachelor's,"Project Management, SQL, Machine Learning, Power BI, Communication, Data Analysis","Amy Robinson skilled in Project Management, SQL, Machine Learning, Power BI, Communication, Data Analysis. 7 years experience, education: Bachelor's.",0,1,0.5271158348807267,-0.04571198886546248,"10, adams, allen",0.0
8,Joshua,Booth,1080,Finance,Sys Admin,2025-08-25,Applied,4,Master's,"HRIS, Python, Communication, Power BI, Excel","Joshua Booth skilled in HRIS, Python, Communication, Power BI, Excel. 4 years experience, education: Master's.",0,4,0.4074088111716777,-0.0948927888093863,"10, alan, aguilar",0.0
9,Linda,Wolfe,1071,Water Resources,Engineer,2025-03-16,Applied,7,Bachelor's,"Communication, Machine Learning, Leadership, Recruiting","Linda Wolfe skilled in Communication, Machine Learning, Leadership, Recruiting. 7 years experience, education: Bachelor's.",0,1,0.3808202007480086,-0.1601167168179423,"10, adams, allen",0.005
10,Joshua,Lewis,1082,Operations,Sys Admin,2025-08-27,Offer,1,Bachelor's,"Communication, Power BI, ServiceNow, Project Management, Machine Learning, Recruiting","Joshua Lewis skilled in Communication, Power BI, ServiceNow, Project Management, Machine Learning, Recruiting. 1 years experience, education: Bachelor's.",0,1,0.5663389573422055,-0.2477400924548776,"10, adams, allen",0.015
11,Matthew,Davis,1019,Human Resources,Data Analyst,2024-12-11,Phone Screen,7,PhD,"Project Management, Machine Learning, ServiceNow, Recruiting, HRIS","Matthew Davis skilled in Project Management, Machine Learning, ServiceNow, Recruiting, HRIS. 7 years experience, education: PhD.",0,1,0.40191927613648504,-0.0063705654255490395,"10, adams, allen",0.0
12,Michael,Cooper,1036,Finance,Manager,2025-02-14,Applied,3,Bachelor's,"Power BI, Communication, Machine Learning, ServiceNow","Michael Cooper skilled in Power BI, Communication, Machine Learning, ServiceNow. 3 years experience, education: Bachelor's.",0,1,0.4059189019238839,-0.3715038761472301,"10, adams, allen",0.015
13,Lindsay,Blair,1028,Operations,Technician,2025-05-31,Interview,12,Bachelor's,"Power BI, ServiceNow, Communication","Lindsay Blair skilled in Power BI, ServiceNow, Communication. 12 years experience, education: Bachelor's.",0,2,0.33453867756913874,-0.25610543444661354,"10, analysis, anderson",0.01
14,David,Nielsen,1092,Water Resources,Sys Admin,2024-12-04,Applied,4,High School,"ServiceNow, Python, Leadership, HRIS","David Nielsen skilled in ServiceNow, Python, Leadership, HRIS. 4 years experience, education: High School.",0,3,0.27420975616247645,0.07324626309090418,"10, anderson, aguilar",0.0
15,Andrea,Calderon,1052,Finance,Engineer,2025-07-02,Applied,2,Bachelor's,"Excel, Python, Recruiting, ServiceNow, Machine Learning, Power BI","Andrea Calderon skilled in Excel, Python, Recruiting, ServiceNow, Machine Learning, Power BI. 2 years experience, education: Bachelor's.",0,1,0.4670707279027634,-0.29765751511548233,"10, adams, allen",0.02
16,Nicole,Ward,1043,Human Resources,HR Analyst,2025-01-17,Phone Screen,2,PhD,"Machine Learning, Excel, Leadership, Data Analysis, Communication","Nicole Ward skilled in Machine Learning, Excel, Leadership, Data Analysis, Communication. 2 years experience, education: PhD.",0,4,0.37525713370900843,0.04852267791043166,"10, alan, aguilar",0.0
17,Janet,Williams,1038,Water Resources,Manager,2025-01-31,Applied,0,Bachelor's,"Excel, Power BI, Communication, HRIS, Data Analysis","Janet Williams skilled in Excel, Power BI, Communication, HRIS, Data Analysis. 0 years experience, education: Bachelor's.",0,4,0.44640850691711786,0.03948119848261171,"10, alan, aguilar",0.03
18,Kendra,Galloway,1088,Operations,Engineer,2025-10-02,Interview,3,Master's,"Machine Learning, Communication, ServiceNow, Data Analysis, Recruiting, Leadership","Kendra Galloway skilled in Machine Learning, Communication, ServiceNow, Data Analysis, Recruiting, Leadership. 3 years experience, education: Master's.",0,4,0.43706358989269445,0.049730351353178125,"10, alan, aguilar",0.0
19,Jesse,Garcia,1083,Public Works,Clerk,2025-02-19,Interview,1,Master's,"Leadership, Power BI, ServiceNow, Excel","Jesse Garcia skilled in Leadership, Power BI, ServiceNow, Excel. 1 years experience, education: Master's.",0,4,0.36358838985931735,-0.1272260786274771,"10, alan, aguilar",0.005
20,Shawn,Flowers,1076,IT,Manager,2025-01-06,Applied,2,Bachelor's,"Python, Data Analysis, Machine Learning, Recruiting","Shawn Flowers skilled in Python, Data Analysis, Machine Learning, Recruiting. 2 years experience, education: Bachelor's.",0,0,0.4034096625907297,0.04524390424170281,"10, 12, alvarado",0.005
21,Mitchell,Clark,1064,Water Resources,Sys Admin,2025-02-15,Applied,3,Bachelor's,"Communication, Machine Learning, Excel, Power BI, ServiceNow","Mitchell Clark skilled in Communication, Machine Learning, Excel, Power BI, ServiceNow. 3 years experience, education: Bachelor's.",0,1,0.45743484632849335,-0.34957070834158693,"10, adams, allen",0.005
22,Jacqueline,Sutton,1017,Operations,Manager,2024-12-01,Offer,3,Bachelor's,"Leadership, SQL, ServiceNow, Communication","Jacqueline Sutton skilled in Leadership, SQL, ServiceNow, Communication. 3 years experience, education: Bachelor's.",0,2,0.3310084919390508,-0.057682081717212896,"10, analysis, anderson",0.005
23,Chelsea,Jackson,1037,Finance,Clerk,2025-08-14,Applied,2,Master's,"Machine Learning, Excel, Communication, ServiceNow, Data Analysis","Chelsea Jackson skilled in Machine Learning, Excel, Communication, ServiceNow, Data Analysis. 2 years experience, education: Master's.",0,4,0.4223734842757496,0.03081851887531524,"10, alan, aguilar",0.0
24,John,Ford,1008,IT,Clerk,2025-02-16,Rejected,12,Bachelor's,"Excel, Recruiting, Python, Data Analysis, Project Management, ServiceNow","John Ford skilled in Excel, Recruiting, Python, Data Analysis, Project Management, ServiceNow. 12 years experience, education: Bachelor's.",0,0,0.5075406256345955,0.21463727403201077,"10, 12, alvarado",0.05
25,Veronica,Bowman,1017,Operations,Manager,2025-06-08,Applied,1,Bachelor's,"Leadership, ServiceNow, Recruiting","Veronica Bowman skilled in Leadership, ServiceNow, Recruiting. 1 years experience, education: Bachelor's.",0,4,0.28349155170363666,-0.02749199203790781,"10, alan, aguilar",0.0
26,Jeffrey,Nguyen,1029,Finance,Sys Admin,2025-08-29,Applied,2,Bachelor's,"ServiceNow, SQL, Recruiting, Data Analysis, Machine Learning, Python","Jeffrey Nguyen skilled in ServiceNow, SQL, Recruiting, Data Analysis, Machine Learning, Python. 2 years experience, education: Bachelor's.",0,2,0.4880447245216708,0.005853814118597433,"10, analysis, anderson",0.0
27,Kimberly,Perez,1072,Water Resources,Engineer,2024-11-16,Phone Screen,7,Bachelor's,"SQL, Project Management, Data Analysis","Kimberly Perez skilled in SQL, Project Management, Data Analysis. 7 years experience, education: Bachelor's.",0,0,0.3799249470777582,0.2739528474146075,"10, 12, alvarado",0.045
28,Linda,Morales,1081,Finance,Clerk,2024-11-29,Interview,4,Bachelor's,"HRIS, Python, Machine Learning, Excel, Project Management, SQL","Linda Morales skilled in HRIS, Python, Machine Learning, Excel, Project Management, SQL. 4 years experience, education: Bachelor's.",0,1,0.4767563137098843,-0.027664827151839502,"10, adams, allen",0.015
29,Jason,Hahn,1041,Water Resources,Technician,2025-10-10,Applied,7,Master's,"Leadership, HRIS, Machine Learning","Jason Hahn skilled in Leadership, HRIS, Machine Learning. 7 years experience, education: Master's.",0,4,0.3096222969441687,-0.06667289347352462,"10, alan, aguilar",0.0
30,Jennifer,Lewis,1076,IT,Manager,2025-05-16,Phone Screen,3,Bachelor's,"Leadership, Machine Learning, Python, Power BI, ServiceNow, Communication","Jennifer Lewis skilled in Leadership, Machine Learning, Python, Power BI, ServiceNow, Communication. 3 years experience, education: Bachelor's.",0,1,0.5298960672121945,-0.3480422036863929,"10, adams, allen",0.015
31,Randall,Rocha,1049,Public Works,Sys Admin,2025-05-01,Applied,4,Bachelor's,"Excel, Python, Recruiting, Power BI, SQL, Machine Learning","Randall Rocha skilled in Excel, Python, Recruiting, Power BI, SQL, Machine Learning. 4 years experience, education: Bachelor's.",0,1,0.4517628500329789,-0.2602128742561267,"10, adams, allen",0.005
32,Douglas,Taylor,1085,Operations,Technician,2025-08-20,Interview,12,Bachelor's,"Excel, Machine Learning, Communication, SQL","Douglas Taylor skilled in Excel, Machine Learning, Communication, SQL. 12 years experience, education: Bachelor's.",0,2,0.4037036135708609,-0.20571422270338596,"10, analysis, anderson",0.0
33,Anna,Baker,1036,Finance,Manager,2025-06-19,Phone Screen,4,Bachelor's,"Data Analysis, Machine Learning, Leadership, Power BI, Recruiting","Anna Baker skilled in Data Analysis, Machine Learning, Leadership, Power BI, Recruiting. 4 years experience, education: Bachelor's.",0,4,0.4800579639607143,-0.11775010863212612,"10, alan, aguilar",0.005
34,Ross,Silva,1038,Water Resources,Manager,2025-03-24,Interview,7,Bachelor's,"Excel, ServiceNow, Data Analysis, Project Management","Ross Silva skilled in Excel, ServiceNow, Data Analysis, Project Management. 7 years experience, education: Bachelor's.",0,0,0.42785462539084246,0.24443622738576665,"10, 12, alvarado",0.015
35,Jeffrey,Bright,1005,IT,Sys Admin,2025-05-20,Rejected,12,Bachelor's,"ServiceNow, Communication, Recruiting","Jeffrey Bright skilled in ServiceNow, Communication, Recruiting. 12 years experience, education: Bachelor's.",0,2,0.31959724936754946,-0.11591741823418208,"10, analysis, anderson",0.0
36,Trevor,Campos,1009,Human Resources,Technician,2025-10-04,Interview,10,Master's,"HRIS, Machine Learning, Project Management, Recruiting, Data Analysis, Power BI","Trevor Campos skilled in HRIS, Machine Learning, Project Management, Recruiting, Data Analysis, Power BI. 10 years experience, education: Master's.",0,1,0.5213509408450738,0.08821033089825922,"10, adams, allen",0.0
37,Daniel,Burton,1068,Public Works,HR Analyst,2025-09-07,Rejected,3,PhD,"Recruiting, Data Analysis, Power BI, Leadership","Daniel Burton skilled in Recruiting, Data Analysis, Power BI, Leadership. 3 years experience, education: PhD.",0,4,0.3523219505453732,0.06761201614541032,"10, alan, aguilar",0.0
38,Erin,Carlson,1037,Finance,Clerk,2025-04-02,Applied,10,Bachelor's,"Data Analysis, Leadership, SQL, Machine Learning, Python, Excel","Erin Carlson skilled in Data Analysis, Leadership, SQL, Machine Learning, Python, Excel. 10 years experience, education: Bachelor's.",0,4,0.495914116731887,0.03334002019891766,"10, alan, aguilar",0.005
39,Patrick,Ferrell,1073,Public Works,Manager,2025-05-28,Phone Screen,5,Master's,"Excel, HRIS, Machine Learning, Python, SQL, Power BI","Patrick Ferrell skilled in Excel, HRIS, Machine Learning, Python, SQL, Power BI. 5 years experience, education: Master's.",0,4,0.4506150161926193,-0.18458732206431708,"10, alan, aguilar",0.0
40,John,Tran,1072,Water Resources,Engineer,2024-11-08,Hired,2,Associate,"Project Management, Recruiting, Data Analysis, Excel, Communication","John Tran skilled in Project Management, Recruiting, Data Analysis, Excel, Communication. 2 years experience, education: Associate.",1,0,0.4438834454474695,0.36233942811628794,"10, 12, alvarado",0.64
41,Erin,Wilson,1006,Operations,HR Analyst,2025-10-13,Hired,12,Bachelor's,"Leadership, Machine Learning, HRIS, Python, Excel","Erin Wilson skilled in Leadership, Machine Learning, HRIS, Python, Excel. 12 years experience, education: Bachelor's.",1,2,0.44823549614058117,-0.17045665963712997,"10, analysis, anderson",0.01
42,Amanda,Adams,1094,Planning,Data Analyst,2025-07-10,Applied,4,PhD,"Data Analysis, Excel, Leadership","Amanda Adams skilled in Data Analysis, Excel, Leadership. 4 years experience, education: PhD.",0,4,0.3192585687031389,0.18010988805834507,"10, alan, aguilar",0.0
43,Matthew,Carter,1081,Finance,Clerk,2025-01-04,Phone Screen,4,Master's,"Project Management, Python, ServiceNow","Matthew Carter skilled in Project Management, Python, ServiceNow. 4 years experience, education: Master's.",0,4,0.33681230071214835,0.11373265579580646,"10, alan, aguilar",0.0
44,Shawn,Mckay,1069,Water Resources,Data Analyst,2025-10-10,Applied,7,Associate,"Recruiting, Leadership, SQL, Communication, HRIS, Python","Shawn Mckay skilled in Recruiting, Leadership, SQL, Communication, HRIS, Python. 7 years experience, education: Associate.",0,0,0.3669452318685425,0.12182569341179034,"10, 12, alvarado",0.005
45,Jennifer,Stanton,1016,Water Resources,Data Analyst,2025-08-26,Interview,7,Bachelor's,"Machine Learning, Recruiting, SQL, Power BI","Jennifer Stanton skilled in Machine Learning, Recruiting, SQL, Power BI. 7 years experience, education: Bachelor's.",0,1,0.4227876003272415,-0.2981610860219891,"10, adams, allen",0.025
46,Guy,Gaines,1095,Operations,Engineer,2025-10-08,Phone Screen,4,Bachelor's,"Machine Learning, ServiceNow, HRIS","Guy Gaines skilled in Machine Learning, ServiceNow, HRIS. 4 years experience, education: Bachelor's.",0,2,0.3241591032667109,-0.175515421017145,"10, analysis, anderson",0.0
47,Colleen,Skinner,1065,Water Resources,Manager,2025-05-20,Applied,10,Master's,"Leadership, Data Analysis, ServiceNow, Machine Learning, Recruiting","Colleen Skinner skilled in Leadership, Data Analysis, ServiceNow, Machine Learning, Recruiting. 10 years experience, education: Master's.",0,4,0.41889583916397083,0.07738926182697317,"10, alan, aguilar",0.0
48,Chelsea,Hernandez,1025,Human Resources,Sys Admin,2025-08-27,Applied,7,Master's,"Power BI, Data Analysis, Recruiting","Chelsea Hernandez skilled in Power BI, Data Analysis, Recruiting. 7 years experience, education: Master's.",0,4,0.3700069629963407,0.08206644353624576,"10, alan, aguilar",0.005
49,Evan,Ashley,1075,Operations,Technician,2025-10-28,Applied,4,PhD,"Python, Leadership, Data Analysis, ServiceNow, Communication","Evan Ashley skilled in Python, Leadership, Data Analysis, ServiceNow, Communication. 4 years experience, education: PhD.",0,4,0.3584792680899163,0.16910971734520672,"10, alan, aguilar",0.0
50,Alyssa,Smith,1025,Human Resources,Sys Admin,2025-03-09,Interview,0,Master's,"ServiceNow, Power BI, Recruiting, Project Management, Leadership, HRIS","Alyssa Smith skilled in ServiceNow, Power BI, Recruiting, Project Management, Leadership, HRIS. 0 years experience, education: Master's.",0,4,0.47141211623580936,0.024344989051694743,"10, alan, aguilar",0.01
51,Tracy,Rodriguez,1075,Operations,Technician,2025-03-24,Applied,4,Bachelor's,"Leadership, Excel, Python, ServiceNow","Tracy Rodriguez skilled in Leadership, Excel, Python, ServiceNow. 4 years experience, education: Bachelor's.",0,4,0.343978836569451,-0.034356968643151554,"10, alan, aguilar",0.02
52,Natasha,Decker,1013,IT,Technician,2025-03-03,Offer,0,Bachelor's,"Excel, ServiceNow, Project Management, Data Analysis","Natasha Decker skilled in Excel, ServiceNow, Project Management, Data Analysis. 0 years experience, education: Bachelor's.",0,0,0.3908783622831977,0.2262292121523728,"10, 12, alvarado",0.025
53,John,Allen,1088,Operations,Engineer,2025-06-12,Applied,2,Master's,"HRIS, Communication, ServiceNow, SQL, Recruiting","John Allen skilled in HRIS, Communication, ServiceNow, SQL, Recruiting. 2 years experience, education: Master's.",0,0,0.4074153207256307,0.060655508848376845,"10, 12, alvarado",0.02
54,Stacey,Miller,1041,Water Resources,Technician,2025-05-11,Rejected,10,PhD,"Communication, Project Management, Excel, Machine Learning, Recruiting","Stacey Miller skilled in Communication, Project Management, Excel, Machine Learning, Recruiting. 10 years experience, education: PhD.",0,1,0.42377832965518986,-0.023671943487089425,"10, adams, allen",0.0
55,Lisa,Spence,1031,Human Resources,Clerk,2025-05-29,Applied,3,Master's,"HRIS, Project Management, Excel, Data Analysis, Python, SQL","Lisa Spence skilled in HRIS, Project Management, Excel, Data Analysis, Python, SQL. 3 years experience, education: Master's.",0,0,0.44934285721910205,0.33699335843967193,"10, 12, alvarado",0.0
56,Katie,Anderson,1011,IT,Sys Admin,2025-05-07,Phone Screen,10,Bachelor's,"Recruiting, Data Analysis, Project Management, Excel, Power BI","Katie Anderson skilled in Recruiting, Data Analysis, Project Management, Excel, Power BI. 10 years experience, education: Bachelor's.",0,0,0.48790149712163383,0.1745324721470659,"10, 12, alvarado",0.0
57,Stacey,Martin,1014,Finance,Clerk,2025-05-27,Phone Screen,12,Bachelor's,"Leadership, Excel, Machine Learning, ServiceNow","Stacey Martin skilled in Leadership, Excel, Machine Learning, ServiceNow. 12 years experience, education: Bachelor's.",0,2,0.3889454072447069,-0.2066169810405782,"10, analysis, anderson",0.005
58,Monique,Henderson,1037,Finance,Clerk,2025-01-25,Interview,1,Associate,"ServiceNow, Machine Learning, Excel","Monique Henderson skilled in ServiceNow, Machine Learning, Excel. 1 years experience, education: Associate.",0,2,0.2967871601457371,-0.10822185370188406,"10, analysis, anderson",0.0
59,Sarah,Campos,1016,Water Resources,Data Analyst,2025-07-29,Applied,12,Associate,"Project Management, Leadership, HRIS, Data Analysis, SQL, Power BI","Sarah Campos skilled in Project Management, Leadership, HRIS, Data Analysis, SQL, Power BI. 12 years experience, education: Associate.",0,0,0.4870254467466642,0.17770535738175167,"10, 12, alvarado",0.0
60,James,Collins,1098,Finance,Sys Admin,2025-07-22,Interview,10,Bachelor's,"Python, Project Management, Power BI, Machine Learning, HRIS","James Collins skilled in Python, Project Management, Power BI, Machine Learning, HRIS. 10 years experience, education: Bachelor's.",0,1,0.47889789869203075,-0.15042301553140952,"10, adams, allen",0.0
61,Debra,Kim,1079,Water Resources,Manager,2025-05-24,Rejected,5,Associate,"HRIS, Leadership, Project Management, Python, Data Analysis","Debra Kim skilled in HRIS, Leadership, Project Management, Python, Data Analysis. 5 years experience, education: Associate.",0,0,0.3897975063548263,0.36018512244476103,"10, 12, alvarado",0.0
62,Shannon,Wright,1023,Public Works,Sys Admin,2024-11-28,Applied,1,Master's,"Excel, Leadership, Power BI, Python, HRIS, Data Analysis","Shannon Wright skilled in Excel, Leadership, Power BI, Python, HRIS, Data Analysis. 1 years experience, education: Master's.",0,4,0.47821995225451897,0.1306865967345488,"10, alan, aguilar",0.005
63,Matthew,Chapman,1052,Finance,Engineer,2025-02-01,Applied,2,Master's,"Excel, HRIS, Power BI, Recruiting","Matthew Chapman skilled in Excel, HRIS, Power BI, Recruiting. 2 years experience, education: Master's.",0,4,0.37065517731582076,-0.056757801303038015,"10, alan, aguilar",0.0
64,Brianna,Smith,1028,Operations,Technician,2025-08-05,Offer,3,Bachelor's,"Recruiting, Python, ServiceNow, SQL","Brianna Smith skilled in Recruiting, Python, ServiceNow, SQL. 3 years experience, education: Bachelor's.",0,2,0.354156867087692,-0.018164519070692182,"10, analysis, anderson",0.01
65,Crystal,Perez,1035,Operations,Technician,2025-10-21,Rejected,12,Bachelor's,"Excel, Leadership, Python, SQL","Crystal Perez skilled in Excel, Leadership, Python, SQL. 12 years experience, education: Bachelor's.",0,2,0.34850547745096894,-0.024820235900361653,"10, analysis, anderson",0.015
66,Anthony,Rivera,1059,Water Resources,Sys Admin,2025-05-22,Applied,3,Bachelor's,"SQL, ServiceNow, Python","Anthony Rivera skilled in SQL, ServiceNow, Python. 3 years experience, education: Bachelor's.",0,2,0.2958552326338744,-0.04974336334865693,"10, analysis, anderson",0.02
67,John,Caldwell,1070,Operations,HR Analyst,2025-01-26,Applied,7,Bachelor's,"Machine Learning, Communication, Project Management","John Caldwell skilled in Machine Learning, Communication, Project Management. 7 years experience, education: Bachelor's.",0,1,0.4179833712126004,-0.0425238199048363,"10, adams, allen",0.03
68,Amber,Cummings,1014,Finance,Clerk,2025-10-12,Phone Screen,1,Bachelor's,"Recruiting, Python, HRIS, ServiceNow","Amber Cummings skilled in Recruiting, Python, HRIS, ServiceNow. 1 years experience, education: Bachelor's.",0,2,0.32002609432274337,-0.0019834762649023046,"10, analysis, anderson",0.0
69,Ashley,Kennedy,1015,Finance,Manager,2025-09-04,Phone Screen,0,Associate,"Data Analysis, Communication, Excel, Machine Learning, HRIS, Python","Ashley Kennedy skilled in Data Analysis, Communication, Excel, Machine Learning, HRIS, Python. 0 years experience, education: Associate.",0,0,0.44296079845929576,0.13749948728919753,"10, 12, alvarado",0.0
70,Thomas,Russell,1000,Water Resources,HR Analyst,2024-12-10,Rejected,5,Bachelor's,"SQL, ServiceNow, Recruiting","Thomas Russell skilled in SQL, ServiceNow, Recruiting. 5 years experience, education: Bachelor's.",0,2,0.29766442414092376,-0.03682761876327239,"10, analysis, anderson",0.01
71,Collin,Jordan,1076,IT,Manager,2025-04-17,Interview,12,Bachelor's,"Recruiting, HRIS, ServiceNow, Machine Learning, Data Analysis, Python","Collin Jordan skilled in Recruiting, HRIS, ServiceNow, Machine Learning, Data Analysis, Python. 12 years experience, education: Bachelor's.",0,2,0.4686327908088876,-0.0008295737777859781,"10, analysis, anderson",0.0
72,Robert,Shields,1083,Public Works,Clerk,2024-11-25,Offer,1,Master's,"Data Analysis, Machine Learning, Power BI, Communication","Robert Shields skilled in Data Analysis, Machine Learning, Power BI, Communication. 1 years experience, education: Master's.",0,4,0.43306517426719665,-0.08759637940873924,"10, alan, aguilar",0.015
73,Emily,Joyce,1078,Finance,Data Analyst,2024-12-12,Applied,10,Bachelor's,"Project Management, Data Analysis, Communication","Emily Joyce skilled in Project Management, Data Analysis, Communication. 10 years experience, education: Bachelor's.",0,0,0.386071923046088,0.2689472837133108,"10, 12, alvarado",0.02
74,Bruce,Chandler,1038,Water Resources,Manager,2025-09-10,Interview,5,PhD,"Excel, Communication, Leadership, Recruiting, Data Analysis, Python","Bruce Chandler skilled in Excel, Communication, Leadership, Recruiting, Data Analysis, Python. 5 years experience, education: PhD.",0,4,0.37163667193584093,0.19559296023190387,"10, alan, aguilar",0.0
75,Michelle,Wright,1064,Water Resources,Sys Admin,2025-01-16,Interview,5,Master's,"Recruiting, HRIS, Leadership","Michelle Wright skilled in Recruiting, HRIS, Leadership. 5 years experience, education: Master's.",0,4,0.3218190100553273,0.11372098294651525,"10, alan, aguilar",0.02
76,Amanda,Taylor,1004,Public Works,Engineer,2025-01-14,Applied,1,Bachelor's,"Communication, Python, ServiceNow, Recruiting, Project Management, Leadership","Amanda Taylor skilled in Communication, Python, ServiceNow, Recruiting, Project Management, Leadership. 1 years experience, education: Bachelor's.",0,1,0.485953605632196,0.029272155239097212,"10, adams, allen",0.035
77,Joshua,Wright,1053,IT,Manager,2025-10-28,Interview,3,Bachelor's,"Power BI, Excel, Project Management, HRIS, Recruiting, Python","Joshua Wright skilled in Power BI, Excel, Project Management, HRIS, Recruiting, Python. 3 years experience, education: Bachelor's.",0,1,0.5221920834099654,-0.003933231357427803,"10, adams, allen",0.015
78,Charles,Morton,1080,Finance,Sys Admin,2025-10-02,Offer,3,Master's,"Recruiting, Leadership, ServiceNow","Charles Morton skilled in Recruiting, Leadership, ServiceNow. 3 years experience, education: Master's.",0,4,0.2715321279209535,0.028785676226924975,"10, alan, aguilar",0.005
79,Andrea,Williams,1082,Operations,Sys Admin,2025-06-01,Applied,4,Bachelor's,"Project Management, Communication, Python, SQL, HRIS","Andrea Williams skilled in Project Management, Communication, Python, SQL, HRIS. 4 years experience, education: Bachelor's.",0,1,0.42811549863355364,0.10336912533756473,"10, adams, allen",0.0
80,Mary,Novak,1049,Public Works,Sys Admin,2025-10-29,Interview,7,Associate,"Excel, HRIS, Power BI","Mary Novak skilled in Excel, HRIS, Power BI. 7 years experience, education: Associate.",0,0,0.32529478577195736,-0.04399928097577516,"10, 12, alvarado",0.0
81,Karen,Young,1008,IT,Clerk,2025-04-10,Applied,10,Bachelor's,"ServiceNow, Project Management, Recruiting, Excel, Python","Karen Young skilled in ServiceNow, Project Management, Recruiting, Excel, Python. 10 years experience, education: Bachelor's.",0,0,0.4025847126644923,0.0920327612821219,"10, 12, alvarado",0.005
82,Todd,Lewis,1035,Operations,Technician,2025-04-08,Applied,0,Bachelor's,"Machine Learning, Leadership, Data Analysis, Communication, HRIS","Todd Lewis skilled in Machine Learning, Leadership, Data Analysis, Communication, HRIS. 0 years experience, education: Bachelor's.",0,0,0.48968084364719455,0.015314645135237328,"10, 12, alvarado",0.01
83,Rachel,Martin,1065,Water Resources,Manager,2024-11-04,Phone Screen,3,Master's,"Project Management, Data Analysis, Excel","Rachel Martin skilled in Project Management, Data Analysis, Excel. 3 years experience, education: Master's.",0,0,0.3713549231334229,0.31958780301804124,"10, 12, alvarado",0.02
84,Tricia,Baker,1013,IT,Technician,2025-09-04,Applied,10,Bachelor's,"Python, Power BI, Data Analysis, Communication, HRIS","Tricia Baker skilled in Python, Power BI, Data Analysis, Communication, HRIS. 10 years experience, education: Bachelor's.",0,4,0.44623636056131843,0.04615431385373443,"10, alan, aguilar",0.0
85,Kristen,Mitchell,1017,Operations,Manager,2025-08-01,Applied,3,Master's,"ServiceNow, Project Management, Excel, Python, Machine Learning","Kristen Mitchell skilled in ServiceNow, Project Management, Excel, Python, Machine Learning. 3 years experience, education: Master's.",0,1,0.44117994023375684,-0.038693322613669597,"10, adams, allen",0.02
86,Susan,Cowan,1065,Water Resources,Manager,2025-06-07,Interview,2,Associate,"HRIS, Communication, Project Management, Excel","Susan Cowan skilled in HRIS, Communication, Project Management, Excel. 2 years experience, education: Associate.",0,0,0.3422186840263391,0.17677381881147117,"10, 12, alvarado",0.115
87,Dorothy,Tucker,1065,Water Resources,Manager,2025-01-16,Applied,0,Bachelor's,"Excel, Project Management, Recruiting, Data Analysis, HRIS, Leadership","Dorothy Tucker skilled in Excel, Project Management, Recruiting, Data Analysis, HRIS, Leadership. 0 years experience, education: Bachelor's.",0,0,0.4495164040653141,0.3055251009460009,"10, 12, alvarado",0.0
88,Kenneth,Novak,1043,Human Resources,HR Analyst,2025-06-16,Interview,4,Associate,"Project Management, SQL, Recruiting","Kenneth Novak skilled in Project Management, SQL, Recruiting. 4 years experience, education: Associate.",0,0,0.3262221708282508,0.17875810214953458,"10, 12, alvarado",0.015
89,Jill,Brown,1058,Human Resources,Engineer,2025-03-05,Phone Screen,5,Associate,"Power BI, Data Analysis, Recruiting","Jill Brown skilled in Power BI, Data Analysis, Recruiting. 5 years experience, education: Associate.",0,0,0.34068612818175403,0.09707149717211089,"10, 12, alvarado",0.025
90,Brian,Silva,1065,Water Resources,Manager,2025-05-18,Phone Screen,1,Bachelor's,"Communication, Project Management, Power BI, Leadership, SQL","Brian Silva skilled in Communication, Project Management, Power BI, Leadership, SQL. 1 years experience, education: Bachelor's.",0,1,0.4431997654319622,-0.04580597882428837,"10, adams, allen",0.27
91,Samantha,Schmidt,1096,IT,Clerk,2024-11-26,Applied,1,Bachelor's,"Project Management, Communication, SQL, Power BI","Samantha Schmidt skilled in Project Management, Communication, SQL, Power BI. 1 years experience, education: Bachelor's.",0,1,0.4043256867566804,-0.06960359340951716,"10, adams, allen",0.185
92,Susan,Miller,1039,Operations,Data Analyst,2025-01-15,Applied,4,Bachelor's,"Leadership, Excel, SQL, Machine Learning","Susan Miller skilled in Leadership, Excel, SQL, Machine Learning. 4 years experience, education: Bachelor's.",0,1,0.3915937085203692,-0.15329619419771134,"10, adams, allen",0.025
93,Casey,Jones,1024,IT,Data Analyst,2025-10-04,Phone Screen,10,Bachelor's,"Leadership, Project Management, SQL, Machine Learning, Excel","Casey Jones skilled in Leadership, Project Management, SQL, Machine Learning, Excel. 10 years experience, education: Bachelor's.",0,1,0.4330201005063379,-0.012636819100225623,"10, adams, allen",0.0
94,Joe,Wilson,1016,Water Resources,Data Analyst,2025-10-15,Phone Screen,4,Master's,"Project Management, HRIS, Excel","Joe Wilson skilled in Project Management, HRIS, Excel. 4 years experience, education: Master's.",0,0,0.34052840501174986,0.15131969078746882,"10, 12, alvarado",0.015
95,Ashley,Riley,1088,Operations,Engineer,2024-11-19,Applied,10,High School,"ServiceNow, Excel, Leadership, HRIS, Data Analysis","Ashley Riley skilled in ServiceNow, Excel, Leadership, HRIS, Data Analysis. 10 years experience, education: High School.",0,3,0.3518917396821673,0.21959582086828172,"10, anderson, aguilar",0.0
96,Christine,Barnes,1074,Finance,Data Analyst,2025-06-18,Phone Screen,12,PhD,"Machine Learning, Recruiting, Power BI","Christine Barnes skilled in Machine Learning, Recruiting, Power BI. 12 years experience, education: PhD.",0,2,0.3360285976924808,-0.2638335003986768,"10, analysis, anderson",0.0
97,Annette,Stewart,1052,Finance,Engineer,2025-02-13,Applied,10,Bachelor's,"Machine Learning, Excel, Project Management","Annette Stewart skilled in Machine Learning, Excel, Project Management. 10 years experience, education: Bachelor's.",0,1,0.38848014840866985,-0.02907053936469763,"10, adams, allen",0.03
98,James,Moran,1064,Water Resources,Sys Admin,2025-02-04,Rejected,1,Bachelor's,"Python, Power BI, Machine Learning, Recruiting","James Moran skilled in Python, Power BI, Machine Learning, Recruiting. 1 years experience, education: Bachelor's.",0,1,0.40550556253304526,-0.2989973228764933,"10, adams, allen",0.015
99,Joseph,Anderson,1046,Water Resources,Manager,2025-07-12,Phone Screen,2,Bachelor's,"Data Analysis, Communication, Project Management, Python, Recruiting","Joseph Anderson skilled in Data Analysis, Communication, Project Management, Python, Recruiting. 2 years experience, education: Bachelor's.",0,0,0.4469510002434492,0.2983152027728483,"10, 12, alvarado",0.105
100,Kevin,Stewart,1025,Human Resources,Sys Admin,2025-08-22,Applied,1,Bachelor's,"ServiceNow, Communication, Recruiting, SQL, Project Management, Python","Kevin Stewart skilled in ServiceNow, Communication, Recruiting, SQL, Project Management, Python. 1 years experience, education: Bachelor's.",0,0,0.4331698446052768,0.06275837343201025,"10, 12, alvarado",0.04
101,Shari,Smith,1048,IT,Clerk,2025-07-03,Interview,2,Master's,"Leadership, Communication, Data Analysis, SQL, Excel","Shari Smith skilled in Leadership, Communication, Data Analysis, SQL, Excel. 2 years experience, education: Master's.",0,4,0.40660660041036745,0.22266022785653897,"10, alan, aguilar",0.005
102,Yolanda,Ferrell,1079,Water Resources,Manager,2024-12-02,Applied,7,Bachelor's,"SQL, Leadership, HRIS, Excel, Data Analysis","Yolanda Ferrell skilled in SQL, Leadership, HRIS, Excel, Data Analysis. 7 years experience, education: Bachelor's.",0,0,0.3976346251043864,0.1990888479293162,"10, 12, alvarado",0.045
103,Amanda,Wagner,1039,Operations,Data Analyst,2024-12-25,Phone Screen,0,Bachelor's,"Power BI, Project Management, Machine Learning, Communication","Amanda Wagner skilled in Power BI, Project Management, Machine Learning, Communication. 0 years experience, education: Bachelor's.",0,1,0.4828550528393889,-0.25572243466781097,"10, adams, allen",0.015
104,Sarah,Ibarra,1091,Finance,Engineer,2025-10-11,Applied,2,Bachelor's,"Excel, HRIS, Leadership, Recruiting, Python","Sarah Ibarra skilled in Excel, HRIS, Leadership, Recruiting, Python. 2 years experience, education: Bachelor's.",0,4,0.3743278109224101,0.06420353495846153,"10, alan, aguilar",0.0
105,John,Mitchell,1009,Human Resources,Technician,2025-04-23,Interview,2,Bachelor's,"SQL, Communication, Recruiting, Leadership","John Mitchell skilled in SQL, Communication, Recruiting, Leadership. 2 years experience, education: Bachelor's.",0,0,0.4110882492379477,0.022981562284233068,"10, 12, alvarado",0.04
106,Martha,Warner,1077,Water Resources,Engineer,2025-06-29,Interview,0,Bachelor's,"Machine Learning, Recruiting, ServiceNow, Communication","Martha Warner skilled in Machine Learning, Recruiting, ServiceNow, Communication. 0 years experience, education: Bachelor's.",0,2,0.3590263304838898,-0.19533449019667493,"10, analysis, anderson",0.07
107,Tonya,Roman,1050,IT,Engineer,2025-05-28,Applied,3,Bachelor's,"Power BI, Project Management, Recruiting, Machine Learning, HRIS, Data Analysis","Tonya Roman skilled in Power BI, Project Management, Recruiting, Machine Learning, HRIS, Data Analysis. 3 years experience, education: Bachelor's.",0,1,0.5133302445599778,0.016821097885892377,"10, adams, allen",0.0
108,Alan,Montoya,1085,Operations,Technician,2025-02-28,Applied,7,Bachelor's,"SQL, Power BI, Recruiting, Communication, ServiceNow, Python","Alan Montoya skilled in SQL, Power BI, Recruiting, Communication, ServiceNow, Python. 7 years experience, education: Bachelor's.",0,1,0.4190322358978883,-0.17809319762885698,"10, adams, allen",0.005
109,Sarah,Garcia,1018,Planning,HR Analyst,2025-10-11,Interview,5,Bachelor's,"Communication, HRIS, Excel","Sarah Garcia skilled in Communication, HRIS, Excel. 5 years experience, education: Bachelor's.",0,0,0.3340639993383924,0.01565875485338498,"10, 12, alvarado",0.015
110,Dennis,Wilson,1061,Finance,Technician,2024-12-15,Applied,2,Bachelor's,"Data Analysis, Excel, Power BI, Machine Learning","Dennis Wilson skilled in Data Analysis, Excel, Power BI, Machine Learning. 2 years experience, education: Bachelor's.",0,1,0.4562594410797601,-0.14212561921189645,"10, adams, allen",0.0
111,Julia,Moore,1032,Finance,Manager,2025-02-21,Rejected,0,Bachelor's,"HRIS, Project Management, Power BI, Data Analysis, Excel, SQL","Julia Moore skilled in HRIS, Project Management, Power BI, Data Analysis, Excel, SQL. 0 years experience, education: Bachelor's.",0,0,0.48107292892749864,0.1384343030310585,"10, 12, alvarado",0.0
112,Cassandra,Robbins,1093,Public Works,Manager,2025-01-22,Applied,5,Master's,"SQL, Communication, Python, ServiceNow, Machine Learning","Cassandra Robbins skilled in SQL, Communication, Python, ServiceNow, Machine Learning. 5 years experience, education: Master's.",0,2,0.37616810086510255,-0.13799846978720515,"10, analysis, anderson",0.0
113,Grace,Farrell,1078,Finance,Data Analyst,2025-05-19,Interview,2,Master's,"Machine Learning, Recruiting, Python, Excel, Leadership, SQL","Grace Farrell skilled in Machine Learning, Recruiting, Python, Excel, Leadership, SQL. 2 years experience, education: Master's.",0,4,0.40425573768822093,-0.058383584693065045,"10, alan, aguilar",0.0
114,Tracy,Whitehead,1000,Water Resources,HR Analyst,2025-09-28,Applied,2,Bachelor's,"Excel, ServiceNow, Power BI, Leadership, Communication, Python","Tracy Whitehead skilled in Excel, ServiceNow, Power BI, Leadership, Communication, Python. 2 years experience, education: Bachelor's.",0,4,0.43148854696397226,-0.187651510056363,"10, alan, aguilar",0.015
115,Brent,Walters,1093,Public Works,Manager,2025-09-22,Applied,10,Associate,"Recruiting, HRIS, Python, Leadership, Power BI, Project Management","Brent Walters skilled in Recruiting, HRIS, Python, Leadership, Power BI, Project Management. 10 years experience, education: Associate.",0,0,0.4446546851494173,0.09907663538907407,"10, 12, alvarado",0.0
116,Joshua,Smith,1027,Public Works,Clerk,2025-08-30,Applied,7,High School,"Power BI, Recruiting, Data Analysis, SQL, Excel","Joshua Smith skilled in Power BI, Recruiting, Data Analysis, SQL, Excel. 7 years experience, education: High School.",0,3,0.4052526055999357,0.0752623819590193,"10, anderson, aguilar",0.0
117,David,Whitney,1050,IT,Engineer,2025-01-05,Phone Screen,5,Associate,"Data Analysis, Machine Learning, Python","David Whitney skilled in Data Analysis, Machine Learning, Python. 5 years experience, education: Associate.",0,0,0.34943550031194937,0.12582627162022547,"10, 12, alvarado",0.01
118,Joyce,Arnold,1009,Human Resources,Technician,2025-04-19,Interview,5,Bachelor's,"Project Management, Excel, Communication","Joyce Arnold skilled in Project Management, Excel, Communication. 5 years experience, education: Bachelor's.",0,0,0.3381664501018019,0.09721780399051415,"10, 12, alvarado",0.005
119,Ann,Rodriguez,1091,Finance,Engineer,2025-10-12,Applied,1,Master's,"SQL, Python, Project Management, HRIS, Recruiting","Ann Rodriguez skilled in SQL, Python, Project Management, HRIS, Recruiting. 1 years experience, education: Master's.",0,0,0.3868034206482091,0.18710114783803136,"10, 12, alvarado",0.04
120,Hannah,Hernandez,1031,Human Resources,Clerk,2024-11-17,Offer,2,Master's,"Communication, Machine Learning, SQL, Recruiting, Excel, Project Management","Hannah Hernandez skilled in Communication, Machine Learning, SQL, Recruiting, Excel, Project Management. 2 years experience, education: Master's.",0,1,0.45331859572000727,0.013862896160244541,"10, adams, allen",0.0
121,Mary,Aguilar,1054,Operations,Engineer,2024-12-31,Offer,10,High School,"Python, Power BI, Communication, Project Management","Mary Aguilar skilled in Python, Power BI, Communication, Project Management. 10 years experience, education: High School.",0,3,0.35743578542966037,0.007470080095053462,"10, anderson, aguilar",0.0
122,Russell,Williams,1032,Finance,Manager,2025-03-25,Rejected,12,Bachelor's,"ServiceNow, Python, Power BI, Communication, Project Management, Data Analysis","Russell Williams skilled in ServiceNow, Python, Power BI, Communication, Project Management, Data Analysis. 12 years experience, education: Bachelor's.",0,1,0.5221551723371444,0.028157900608823967,"10, adams, allen",0.0
123,Rachel,Flynn,1062,Finance,Clerk,2025-10-04,Offer,5,Bachelor's,"Data Analysis, Communication, Machine Learning, Leadership, Project Management","Rachel Flynn skilled in Data Analysis, Communication, Machine Learning, Leadership, Project Management. 5 years experience, education: Bachelor's.",0,0,0.467299477034786,0.13515675668876978,"10, 12, alvarado",0.015
124,Bill,Howard,1053,IT,Manager,2025-07-26,Rejected,10,Bachelor's,"HRIS, ServiceNow, Excel, Data Analysis, Recruiting","Bill Howard skilled in HRIS, ServiceNow, Excel, Data Analysis, Recruiting. 10 years experience, education: Bachelor's.",0,0,0.48106167993204313,0.21357484596229465,"10, 12, alvarado",0.01
125,John,Garcia,1061,Finance,Technician,2025-09-02,Phone Screen,2,Bachelor's,"Excel, Communication, Project Management, ServiceNow, HRIS","John Garcia skilled in Excel, Communication, Project Management, ServiceNow, HRIS. 2 years experience, education: Bachelor's.",0,0,0.4756333156750687,0.10293633223294935,"10, 12, alvarado",0.03
126,Anita,Baxter,1033,Planning,Data Analyst,2025-07-03,Phone Screen,7,Bachelor's,"Project Management, Machine Learning, Python, Communication, Data Analysis, SQL","Anita Baxter skilled in Project Management, Machine Learning, Python, Communication, Data Analysis, SQL. 7 years experience, education: Bachelor's.",0,0,0.4829609525462076,0.10879838596354313,"10, 12, alvarado",0.0
127,Kara,Frost,1013,IT,Technician,2025-02-03,Interview,0,Associate,"Project Management, HRIS, SQL, Python, Recruiting, Data Analysis","Kara Frost skilled in Project Management, HRIS, SQL, Python, Recruiting, Data Analysis. 0 years experience, education: Associate.",0,0,0.4203602998187779,0.3588592406213925,"10, 12, alvarado",0.0
128,Michelle,Cherry,1083,Public Works,Clerk,2025-09-14,Interview,10,High School,"Power BI, Leadership, Project Management","Michelle Cherry skilled in Power BI, Leadership, Project Management. 10 years experience, education: High School.",0,3,0.3267943453394071,0.02915151291720847,"10, anderson, aguilar",0.01
129,Gregory,Gutierrez,1072,Water Resources,Engineer,2025-01-12,Applied,0,Bachelor's,"Project Management, Communication, Machine Learning, Excel, SQL, ServiceNow","Gregory Gutierrez skilled in Project Management, Communication, Machine Learning, Excel, SQL, ServiceNow. 0 years experience, education: Bachelor's.",0,1,0.4683376473076011,-0.09423882127431876,"10, adams, allen",0.03
130,Jill,Cook,1017,Operations,Manager,2025-10-31,Applied,5,Bachelor's,"Excel, Python, SQL, Machine Learning","Jill Cook skilled in Excel, Python, SQL, Machine Learning. 5 years experience, education: Bachelor's.",0,2,0.3689293437396559,-0.14741545030215097,"10, analysis, anderson",0.005
131,Robert,Santiago,1070,Operations,HR Analyst,2025-08-16,Phone Screen,12,Associate,"Communication, Machine Learning, Power BI, ServiceNow, Leadership","Robert Santiago skilled in Communication, Machine Learning, Power BI, ServiceNow, Leadership. 12 years experience, education: Associate.",0,2,0.4194947104176205,-0.2638927117573295,"10, analysis, anderson",0.0
132,Lisa,Adams,1013,IT,Technician,2025-09-05,Applied,2,Master's,"SQL, Machine Learning, Excel, Project Management, HRIS, Leadership","Lisa Adams skilled in SQL, Machine Learning, Excel, Project Management, HRIS, Leadership. 2 years experience, education: Master's.",0,1,0.4630019424973801,0.07450713433719622,"10, adams, allen",0.03
133,Jacqueline,Reyes,1017,Operations,Manager,2024-11-19,Applied,12,Bachelor's,"SQL, Leadership, Communication, Project Management, Power BI","Jacqueline Reyes skilled in SQL, Leadership, Communication, Project Management, Power BI. 12 years experience, education: Bachelor's.",0,1,0.4382831831979376,-0.1003790506733589,"10, adams, allen",0.01
134,Michele,Walker,1007,Water Resources,Data Analyst,2025-09-17,Applied,3,Master's,"Machine Learning, Python, Project Management, HRIS","Michele Walker skilled in Machine Learning, Python, Project Management, HRIS. 3 years experience, education: Master's.",0,1,0.37922814524103454,0.029567960860446715,"10, adams, allen",0.05
135,Samantha,Bailey,1089,Operations,Clerk,2025-09-18,Interview,10,Master's,"Recruiting, Excel, Leadership, ServiceNow","Samantha Bailey skilled in Recruiting, Excel, Leadership, ServiceNow. 10 years experience, education: Master's.",0,4,0.33444700691468127,0.04935180704933124,"10, alan, aguilar",0.0
136,Laura,Perez,1001,Water Resources,HR Analyst,2024-11-13,Applied,10,Bachelor's,"Recruiting, Excel, SQL, Project Management, Leadership, Power BI","Laura Perez skilled in Recruiting, Excel, SQL, Project Management, Leadership, Power BI. 10 years experience, education: Bachelor's.",0,1,0.49596058512407215,0.008433156744705518,"10, adams, allen",0.025
137,Donna,Ross,1093,Public Works,Manager,2025-02-20,Phone Screen,12,Bachelor's,"SQL, Data Analysis, HRIS, Python","Donna Ross skilled in SQL, Data Analysis, HRIS, Python. 12 years experience, education: Bachelor's.",0,2,0.3747902001348176,0.1578060024355829,"10, analysis, anderson",0.02
138,Michelle,Rasmussen,1067,Public Works,Data Analyst,2025-02-20,Hired,12,Bachelor's,"SQL, Project Management, Power BI, Leadership","Michelle Rasmussen skilled in SQL, Project Management, Power BI, Leadership. 12 years experience, education: Bachelor's.",1,1,0.41540740706301266,-0.08271504980769928,"10, adams, allen",0.61
139,Michael,Hicks,1067,Public Works,Data Analyst,2025-07-25,Rejected,12,Master's,"ServiceNow, Power BI, HRIS","Michael Hicks skilled in ServiceNow, Power BI, HRIS. 12 years experience, education: Master's.",0,2,0.3325977429240272,-0.1841745405582118,"10, analysis, anderson",0.005
140,Tina,Herrera,1076,IT,Manager,2025-11-03,Applied,4,Bachelor's,"HRIS, Leadership, SQL","Tina Herrera skilled in HRIS, Leadership, SQL. 4 years experience, education: Bachelor's.",0,4,0.28275936967412113,0.028574641930049608,"10, alan, aguilar",0.0
141,Anthony,Wiley,1058,Human Resources,Engineer,2025-02-13,Interview,2,Bachelor's,"Recruiting, Python, Leadership, Excel, Communication","Anthony Wiley skilled in Recruiting, Python, Leadership, Excel, Communication. 2 years experience, education: Bachelor's.",0,4,0.3652628174119178,0.006871081863041514,"10, alan, aguilar",0.01
142,Gregory,Estes,1087,Finance,Data Analyst,2025-02-15,Rejected,4,Bachelor's,"Recruiting, Leadership, Python, Machine Learning, ServiceNow, Project Management","Gregory Estes skilled in Recruiting, Leadership, Python, Machine Learning, ServiceNow, Project Management. 4 years experience, education: Bachelor's.",0,1,0.46535650713498666,-0.058357333357000794,"10, adams, allen",0.025
143,Benjamin,Carlson,1006,Operations,HR Analyst,2025-03-18,Rejected,10,Bachelor's,"ServiceNow, Machine Learning, Excel, Python, SQL, Power BI","Benjamin Carlson skilled in ServiceNow, Machine Learning, Excel, Python, SQL, Power BI. 10 years experience, education: Bachelor's.",0,1,0.4757137453089286,-0.2762999434701134,"10, adams, allen",0.0
144,Jessica,Edwards,1042,IT,Sys Admin,2025-06-27,Phone Screen,10,Bachelor's,"Project Management, Communication, Leadership, Data Analysis","Jessica Edwards skilled in Project Management, Communication, Leadership, Data Analysis. 10 years experience, education: Bachelor's.",0,0,0.41555779737523824,0.28135890560219545,"10, 12, alvarado",0.01
145,Tracey,Wilson,1092,Water Resources,Sys Admin,2025-10-19,Applied,5,Bachelor's,"Project Management, Power BI, Machine Learning","Tracey Wilson skilled in Project Management, Power BI, Machine Learning. 5 years experience, education: Bachelor's.",0,1,0.4270174136349833,-0.22336683660720918,"10, adams, allen",0.035
146,Barbara,Scott,1096,IT,Clerk,2025-08-06,Applied,10,Bachelor's,"Python, ServiceNow, Data Analysis","Barbara Scott skilled in Python, ServiceNow, Data Analysis. 10 years experience, education: Bachelor's.",0,4,0.3500280035795184,0.1528906405901473,"10, alan, aguilar",0.005
147,Ryan,Meyer,1027,Public Works,Clerk,2025-09-13,Hired,7,Bachelor's,"Project Management, Recruiting, Communication, Power BI","Ryan Meyer skilled in Project Management, Recruiting, Communication, Power BI. 7 years experience, education: Bachelor's.",1,1,0.3931229280544157,-0.058937208296450036,"10, adams, allen",0.645
148,Amanda,Ball,1062,Finance,Clerk,2025-08-19,Offer,10,PhD,"Machine Learning, ServiceNow, Communication, Python, Excel, Power BI","Amanda Ball skilled in Machine Learning, ServiceNow, Communication, Python, Excel, Power BI. 10 years experience, education: PhD.",0,1,0.4639632166241889,-0.25717568087460085,"10, adams, allen",0.0
149,Jillian,Gonzalez,1046,Water Resources,Manager,2025-04-20,Phone Screen,3,Bachelor's,"Python, Communication, ServiceNow, Machine Learning, HRIS","Jillian Gonzalez skilled in Python, Communication, ServiceNow, Machine Learning, HRIS. 3 years experience, education: Bachelor's.",0,2,0.39046841665866927,-0.169534654497946,"10, analysis, anderson",0.005
150,Chad,Beck,1070,Operations,HR Analyst,2025-03-12,Applied,0,Master's,"SQL, ServiceNow, Project Management, Data Analysis, Recruiting, Python","Chad Beck skilled in SQL, ServiceNow, Project Management, Data Analysis, Recruiting, Python. 0 years experience, education: Master's.",0,0,0.4359090730184567,0.2797548689289622,"10, 12, alvarado",0.0
151,Cindy,Alvarado,1045,Human Resources,Manager,2024-12-22,Phone Screen,12,Bachelor's,"Excel, Data Analysis, HRIS, Machine Learning, ServiceNow","Cindy Alvarado skilled in Excel, Data Analysis, HRIS, Machine Learning, ServiceNow. 12 years experience, education: Bachelor's.",0,2,0.42798569323393115,-0.0298013241666034,"10, analysis, anderson",0.0
152,Jennifer,Evans,1010,Operations,Engineer,2025-03-04,Offer,1,Associate,"Data Analysis, Project Management, Leadership","Jennifer Evans skilled in Data Analysis, Project Management, Leadership. 1 years experience, education: Associate.",0,0,0.355942066622116,0.32540447409402845,"10, 12, alvarado",0.045
153,Elizabeth,Nguyen,1050,IT,Engineer,2025-08-01,Interview,5,Master's,"Recruiting, HRIS, Data Analysis, Leadership","Elizabeth Nguyen skilled in Recruiting, HRIS, Data Analysis, Leadership. 5 years experience, education: Master's.",0,4,0.3838250543006876,0.26214738298731516,"10, alan, aguilar",0.0
154,Kenneth,Martinez,1080,Finance,Sys Admin,2025-04-16,Applied,0,Associate,"Machine Learning, HRIS, Communication, SQL, Leadership","Kenneth Martinez skilled in Machine Learning, HRIS, Communication, SQL, Leadership. 0 years experience, education: Associate.",0,0,0.37911218155623605,-0.03887499306155655,"10, 12, alvarado",0.02
155,Elizabeth,Gray,1082,Operations,Sys Admin,2025-08-21,Applied,5,Bachelor's,"Recruiting, Project Management, HRIS, Communication, Machine Learning","Elizabeth Gray skilled in Recruiting, Project Management, HRIS, Communication, Machine Learning. 5 years experience, education: Bachelor's.",0,1,0.4574260404400484,-0.02865067262167786,"10, adams, allen",0.015
156,Raven,Gilbert,1011,IT,Sys Admin,2025-02-28,Interview,4,Bachelor's,"Project Management, Communication, Excel","Raven Gilbert skilled in Project Management, Communication, Excel. 4 years experience, education: Bachelor's.",0,0,0.3257559526361431,0.07824470117626675,"10, 12, alvarado",0.02
157,Richard,Bass,1051,Planning,Technician,2025-03-02,Rejected,4,Master's,"Recruiting, Machine Learning, ServiceNow","Richard Bass skilled in Recruiting, Machine Learning, ServiceNow. 4 years experience, education: Master's.",0,2,0.31167134897931775,-0.12977159573671762,"10, analysis, anderson",0.0
158,Justin,Jordan,1034,Operations,Data Analyst,2025-06-17,Rejected,3,Bachelor's,"SQL, HRIS, Recruiting, Data Analysis, Communication, Leadership","Justin Jordan skilled in SQL, HRIS, Recruiting, Data Analysis, Communication, Leadership. 3 years experience, education: Bachelor's.",0,0,0.4296922870689246,0.20648033399621885,"10, 12, alvarado",0.005
159,Catherine,Morris,1091,Finance,Engineer,2025-04-24,Interview,0,Bachelor's,"Power BI, Python, Machine Learning","Catherine Morris skilled in Power BI, Python, Machine Learning. 0 years experience, education: Bachelor's.",0,1,0.3596468597469177,-0.309940489742598,"10, adams, allen",0.005
160,Scott,Lewis,1034,Operations,Data Analyst,2025-05-06,Applied,2,Bachelor's,"Data Analysis, HRIS, Recruiting, Machine Learning","Scott Lewis skilled in Data Analysis, HRIS, Recruiting, Machine Learning. 2 years experience, education: Bachelor's.",0,0,0.4473145203810549,0.050734098168749214,"10, 12, alvarado",0.01
161,Laura,Moyer,1099,Water Resources,HR Analyst,2025-08-16,Hired,0,Bachelor's,"HRIS, Project Management, Machine Learning, Communication","Laura Moyer skilled in HRIS, Project Management, Machine Learning, Communication. 0 years experience, education: Bachelor's.",1,1,0.4083672439840113,-0.03989194605050787,"10, adams, allen",0.645
162,Gene,Miller,1064,Water Resources,Sys Admin,2025-05-23,Applied,2,Bachelor's,"HRIS, Project Management, ServiceNow, Machine Learning, Power BI","Gene Miller skilled in HRIS, Project Management, ServiceNow, Machine Learning, Power BI. 2 years experience, education: Bachelor's.",0,1,0.479596150281866,-0.2142404842249167,"10, adams, allen",0.065
163,Elizabeth,Harvey,1076,IT,Manager,2024-12-10,Rejected,4,Bachelor's,"ServiceNow, Communication, Power BI, Machine Learning","Elizabeth Harvey skilled in ServiceNow, Communication, Power BI, Machine Learning. 4 years experience, education: Bachelor's.",0,1,0.42513324304945954,-0.3587252233237956,"10, adams, allen",0.0
164,Loretta,Potter,1040,Human Resources,Data Analyst,2025-07-23,Applied,5,Bachelor's,"ServiceNow, Excel, Recruiting, HRIS, Data Analysis","Loretta Potter skilled in ServiceNow, Excel, Recruiting, HRIS, Data Analysis. 5 years experience, education: Bachelor's.",0,0,0.38773942292698116,0.17165043531047697,"10, 12, alvarado",0.02
165,Lance,Drake,1027,Public Works,Clerk,2024-12-31,Rejected,7,Master's,"ServiceNow, Python, Communication, Excel","Lance Drake skilled in ServiceNow, Python, Communication, Excel. 7 years experience, education: Master's.",0,4,0.3090654179482794,-0.0028951964027290516,"10, alan, aguilar",0.005
166,Andrew,Sanchez,1031,Human Resources,Clerk,2025-05-07,Applied,10,Bachelor's,"Power BI, Communication, HRIS, ServiceNow, Recruiting, Excel","Andrew Sanchez skilled in Power BI, Communication, HRIS, ServiceNow, Recruiting, Excel. 10 years experience, education: Bachelor's.",0,4,0.44540304444574985,-0.12795418017972862,"10, alan, aguilar",0.0
167,Cheryl,Mack,1028,Operations,Technician,2025-04-29,Applied,3,Bachelor's,"Leadership, Power BI, Python, Excel","Cheryl Mack skilled in Leadership, Power BI, Python, Excel. 3 years experience, education: Bachelor's.",0,4,0.35423035437783135,-0.14640191880479458,"10, alan, aguilar",0.005
168,Robert,Soto,1090,Human Resources,Engineer,2025-01-18,Phone Screen,10,Associate,"Python, HRIS, SQL, Data Analysis","Robert Soto skilled in Python, HRIS, SQL, Data Analysis. 10 years experience, education: Associate.",0,0,0.3603513485063155,0.26656376410941995,"10, 12, alvarado",0.0
169,Jennifer,Cruz,1088,Operations,Engineer,2025-04-08,Interview,10,Bachelor's,"ServiceNow, Project Management, Communication, Python","Jennifer Cruz skilled in ServiceNow, Project Management, Communication, Python. 10 years experience, education: Bachelor's.",0,1,0.40211269381916187,0.04822914554680874,"10, adams, allen",0.015
170,John,Douglas,1046,Water Resources,Manager,2024-11-06,Rejected,1,Bachelor's,"HRIS, Python, SQL, Data Analysis","John Douglas skilled in HRIS, Python, SQL, Data Analysis. 1 years experience, education: Bachelor's.",0,0,0.4239865888899542,0.22959219729051278,"10, 12, alvarado",0.01
171,Patricia,Dalton,1093,Public Works,Manager,2025-10-13,Rejected,2,Master's,"Data Analysis, Machine Learning, SQL","Patricia Dalton skilled in Data Analysis, Machine Learning, SQL. 2 years experience, education: Master's.",0,4,0.3450565703922394,0.0698680015883312,"10, alan, aguilar",0.0
172,Daniel,Coleman,1048,IT,Clerk,2025-01-11,Rejected,4,Master's,"ServiceNow, Recruiting, Leadership","Daniel Coleman skilled in ServiceNow, Recruiting, Leadership. 4 years experience, education: Master's.",0,4,0.2819333449424308,0.033565189448634306,"10, alan, aguilar",0.0
173,Linda,Dominguez,1047,Finance,Engineer,2025-05-03,Applied,5,Bachelor's,"SQL, HRIS, Machine Learning, ServiceNow, Power BI, Data Analysis","Linda Dominguez skilled in SQL, HRIS, Machine Learning, ServiceNow, Power BI, Data Analysis. 5 years experience, education: Bachelor's.",0,1,0.5052810211203416,-0.13398593743927614,"10, adams, allen",0.0
174,Brent,Wright,1031,Human Resources,Clerk,2025-09-29,Applied,2,Bachelor's,"Communication, SQL, Python, Project Management, ServiceNow","Brent Wright skilled in Communication, SQL, Python, Project Management, ServiceNow. 2 years experience, education: Bachelor's.",0,1,0.43616054533947984,0.06972989686808725,"10, adams, allen",0.005
175,David,Anderson,1037,Finance,Clerk,2025-05-03,Interview,3,Bachelor's,"Data Analysis, HRIS, Project Management, Excel, Communication, Recruiting","David Anderson skilled in Data Analysis, HRIS, Project Management, Excel, Communication, Recruiting. 3 years experience, education: Bachelor's.",0,0,0.5018955691218757,0.3378699499595238,"10, 12, alvarado",0.04
176,Elizabeth,Travis,1081,Finance,Clerk,2025-06-23,Applied,2,Bachelor's,"Python, ServiceNow, Data Analysis, Power BI","Elizabeth Travis skilled in Python, ServiceNow, Data Analysis, Power BI. 2 years experience, education: Bachelor's.",0,4,0.42033179561381473,-0.026966282784746953,"10, alan, aguilar",0.005
177,Logan,Fischer,1006,Operations,HR Analyst,2025-04-24,Phone Screen,4,PhD,"Recruiting, Communication, Python, ServiceNow, Project Management","Logan Fischer skilled in Recruiting, Communication, Python, ServiceNow, Project Management. 4 years experience, education: PhD.",0,0,0.34462524572877407,0.08482669484018697,"10, 12, alvarado",0.0
178,Cheyenne,Ball,1046,Water Resources,Manager,2025-05-19,Interview,0,Bachelor's,"ServiceNow, SQL, Data Analysis, HRIS, Communication, Project Management","Cheyenne Ball skilled in ServiceNow, SQL, Data Analysis, HRIS, Communication, Project Management. 0 years experience, education: Bachelor's.",0,0,0.4647008047739324,0.22450436869613646,"10, 12, alvarado",0.015
179,Ronald,Meadows,1068,Public Works,HR Analyst,2025-04-26,Applied,4,Bachelor's,"Power BI, SQL, Machine Learning, Leadership","Ronald Meadows skilled in Power BI, SQL, Machine Learning, Leadership. 4 years experience, education: Bachelor's.",0,1,0.40224930352491667,-0.3098941862601401,"10, adams, allen",0.01
180,Phyllis,Manning,1040,Human Resources,Data Analyst,2025-05-07,Phone Screen,5,Bachelor's,"HRIS, Leadership, Power BI, Recruiting, Excel, ServiceNow","Phyllis Manning skilled in HRIS, Leadership, Power BI, Recruiting, Excel, ServiceNow. 5 years experience, education: Bachelor's.",0,4,0.41768490621503696,-0.13134958271377675,"10, alan, aguilar",0.02
181,Shannon,Walton,1092,Water Resources,Sys Admin,2025-09-26,Phone Screen,5,Associate,"Python, HRIS, Leadership","Shannon Walton skilled in Python, HRIS, Leadership. 5 years experience, education: Associate.",0,4,0.2674286112547061,0.12485939470093553,"10, alan, aguilar",0.005
182,Dana,Cannon,1038,Water Resources,Manager,2025-05-25,Applied,12,Associate,"HRIS, Machine Learning, Excel, Power BI, Leadership","Dana Cannon skilled in HRIS, Machine Learning, Excel, Power BI, Leadership. 12 years experience, education: Associate.",0,2,0.399990974309799,-0.19487425531127173,"10, analysis, anderson",0.0
183,Todd,Allen,1052,Finance,Engineer,2025-04-23,Applied,12,Bachelor's,"Machine Learning, SQL, HRIS","Todd Allen skilled in Machine Learning, SQL, HRIS. 12 years experience, education: Bachelor's.",0,2,0.36857092046012885,-0.17840924908707398,"10, analysis, anderson",0.005
184,Chris,Mitchell,1096,IT,Clerk,2025-02-17,Phone Screen,0,Bachelor's,"Communication, Python, Data Analysis, ServiceNow, Leadership","Chris Mitchell skilled in Communication, Python, Data Analysis, ServiceNow, Leadership. 0 years experience, education: Bachelor's.",0,4,0.4176901603075249,0.11708786316330783,"10, alan, aguilar",0.01
185,Matthew,Orozco,1015,Finance,Manager,2024-12-05,Interview,1,High School,"Communication, Excel, HRIS, Python, Leadership","Matthew Orozco skilled in Communication, Excel, HRIS, Python, Leadership. 1 years experience, education: High School.",0,3,0.31085300522491494,0.07730366495994316,"10, anderson, aguilar",0.0
186,Devon,Hall,1006,Operations,HR Analyst,2025-07-31,Rejected,10,High School,"SQL, Communication, Data Analysis, Project Management, Recruiting, Power BI","Devon Hall skilled in SQL, Communication, Data Analysis, Project Management, Recruiting, Power BI. 10 years experience, education: High School.",0,3,0.42438474101995327,0.15637508506550396,"10, anderson, aguilar",0.0
187,Eric,Lewis,1079,Water Resources,Manager,2025-04-14,Hired,7,Bachelor's,"Leadership, Project Management, Excel, SQL","Eric Lewis skilled in Leadership, Project Management, Excel, SQL. 7 years experience, education: Bachelor's.",1,0,0.3947414690363891,0.08493690211610501,"10, 12, alvarado",0.63
188,Rick,Daniels,1092,Water Resources,Sys Admin,2025-04-14,Rejected,7,Bachelor's,"Python, Communication, ServiceNow, Machine Learning","Rick Daniels skilled in Python, Communication, ServiceNow, Machine Learning. 7 years experience, education: Bachelor's.",0,2,0.3583740136156311,-0.20613171464302338,"10, analysis, anderson",0.01
189,Bryan,Wall,1077,Water Resources,Engineer,2025-04-04,Interview,12,Bachelor's,"Power BI, Communication, Machine Learning, Project Management, SQL, Recruiting","Bryan Wall skilled in Power BI, Communication, Machine Learning, Project Management, SQL, Recruiting. 12 years experience, education: Bachelor's.",0,1,0.4882318272759922,-0.21103722133444042,"10, adams, allen",0.0
190,Rebecca,Silva,1062,Finance,Clerk,2025-08-01,Applied,1,High School,"Recruiting, Python, Power BI, Communication, Excel, Leadership","Rebecca Silva skilled in Recruiting, Python, Power BI, Communication, Excel, Leadership. 1 years experience, education: High School.",0,3,0.3683623345439368,-0.052209252573595176,"10, anderson, aguilar",0.0
191,Andrew,Gilmore,1073,Public Works,Manager,2025-06-15,Interview,10,Bachelor's,"Power BI, Python, Data Analysis","Andrew Gilmore skilled in Power BI, Python, Data Analysis. 10 years experience, education: Bachelor's.",0,4,0.3839949421657221,0.027972323592850033,"10, alan, aguilar",0.01
192,Omar,Smith,1013,IT,Technician,2025-03-20,Phone Screen,12,Bachelor's,"SQL, HRIS, ServiceNow","Omar Smith skilled in SQL, HRIS, ServiceNow. 12 years experience, education: Bachelor's.",0,2,0.32874628785968063,-0.059090867064767946,"10, analysis, anderson",0.005
193,Kenneth,Price,1080,Finance,Sys Admin,2025-10-16,Applied,5,Bachelor's,"Power BI, ServiceNow, SQL, HRIS, Communication","Kenneth Price skilled in Power BI, ServiceNow, SQL, HRIS, Communication. 5 years experience, education: Bachelor's.",0,1,0.42546907701265274,-0.18048700578707333,"10, adams, allen",0.005
194,Stephanie,Barnes,1089,Operations,Clerk,2025-08-21,Phone Screen,4,Associate,"Leadership, Communication, Data Analysis, HRIS","Stephanie Barnes skilled in Leadership, Communication, Data Analysis, HRIS. 4 years experience, education: Associate.",0,0,0.33661785518855625,0.25271334647653526,"10, 12, alvarado",0.015
195,Jessica,Marsh,1022,Planning,Sys Admin,2025-10-18,Phone Screen,5,Master's,"HRIS, Project Management, Data Analysis, Recruiting, SQL, Machine Learning","Jessica Marsh skilled in HRIS, Project Management, Data Analysis, Recruiting, SQL, Machine Learning. 5 years experience, education: Master's.",0,0,0.48132701618734886,0.2181179315738266,"10, 12, alvarado",0.0
196,Jeffrey,Robinson,1080,Finance,Sys Admin,2025-04-22,Applied,12,Bachelor's,"ServiceNow, SQL, Machine Learning, Python","Jeffrey Robinson skilled in ServiceNow, SQL, Machine Learning, Python. 12 years experience, education: Bachelor's.",0,2,0.3995841035612779,-0.2435004613605057,"10, analysis, anderson",0.0
197,Todd,Price,1046,Water Resources,Manager,2025-07-21,Interview,7,Bachelor's,"Data Analysis, Power BI, ServiceNow, Leadership","Todd Price skilled in Data Analysis, Power BI, ServiceNow, Leadership. 7 years experience, education: Bachelor's.",0,4,0.4258931302578904,-0.034387725178760334,"10, alan, aguilar",0.015
198,Erin,Powell,1061,Finance,Technician,2025-01-07,Applied,1,Master's,"Excel, HRIS, Power BI, Python, ServiceNow","Erin Powell skilled in Excel, HRIS, Power BI, Python, ServiceNow. 1 years experience, education: Master's.",0,4,0.3975580456244658,-0.11535705014010407,"10, alan, aguilar",0.0
199,Mary,Calhoun,1007,Water Resources,Data Analyst,2025-07-03,Applied,0,Master's,"Recruiting, Leadership, HRIS, Power BI","Mary Calhoun skilled in Recruiting, Leadership, HRIS, Power BI. 0 years experience, education: Master's.",0,4,0.3609591922419634,-0.0576174576454898,"10, alan, aguilar",0.005
200,Amanda,Meadows,1023,Public Works,Sys Admin,2025-06-21,Phone Screen,5,Bachelor's,"Power BI, Communication, Excel","Amanda Meadows skilled in Power BI, Communication, Excel. 5 years experience, education: Bachelor's.",0,1,0.37740202025374375,-0.2382032356231214,"10, adams, allen",0.025
